country,mean_combined_margin_ef
Cambodia,0.58586
Indonesia,0.7777147540983607
Lao PDR,0.5743209523809524
Malaysia,0.6703390243902442
Myanmar,0.3948
Philippines,0.5160018867924526
Singapore,0.4862333333333333
Thailand,0.5483403846153844
Viet Nam,0.6029550201612924
